"Rice, Ray"
"McCoy, LeSean"
"Jones-Drew, Maurice"
"Foster, Arian"
"Sproles, Darren"
"Mathews, Ryan"
"Turner, Michael"
"Lynch, Marshawn"
"Jackson, Fred"
"Bush, Reggie"
"Forte, Matt"
"Jackson, Steven"
"Peterson(Min), Adrian"
"Bush, Michael"
"Johnson(TEN), Chris"
"Stewart, Jonathan"
"Gore, Frank"
"Greene, Shonn"
"Williams, DeAngelo"
"Wells, Beanie"
"McGahee, Willis"
"Tolbert, Mike"
"Thomas, Pierre"
"Murray, DeMarco"
"Bradshaw, Ahmad"
"Tate, Ben"
"Spiller, C.J."
"Green-Ellis, BenJarvus"
"Benson, Cedric"
"Helu, Roy"
"McFadden, Darren"
"Brown, Donald"
"Blount, LeGarrette"
"Jacobs, Brandon"
"Gerhart, Toby"
"Grant, Ryan"
"Best, Jahvid"
"Starks, James"
"Jones, Felix"
"Smith, Kevin"
"Hunter, Kendall"
"Hillis, Peyton"
"Ingram, Mark"
"Redman, Isaac"
"Woodhead, Danny"
"Ridley, Stevan"
"Thomas, Daniel"
"Bell, Kahlil"
"Lumpkin, Kregg"
"Royster, Evan"
"Stephens-Howling, LaRod"
"Scott, Bernard"
"Hightower, Tim"
"Rodgers, Jacquizz"
"Snelling, Jason"
"Ware, D.J."
"Ringer, Javon"
"Washington, Leon"
"Forsett, Justin"
"Hardesty, Montario"
"Moreno, Knowshon"
"Carter, Delone"
"McKnight, Joe"
"Choice, Tashard"
"Brinkley, Curtis"
"Dwyer, Jonathan"
"Saine, Brandon"
"Lewis, Dion"
"Tanner, Phillip"
"Slaton, Steve"
"Charles, Jamaal"
"Jones, Taiwan"
"Vereen, Shane"
"Brown, Ronnie"
"Harper, Jamie"
"Green, Alex"
"Goodson, Mike"
"Allen, Anthony"
"Jackson, Brandon"
"Richardson, Trent(1)"
"Hillman, Ronnie(3)"
"Leshoure, Mikel"
"Pead, Isaiah(2)"
"Miller, Lamar(4)"
"Wilson, David(1)"
"Williams, Ryan"
"James, LaMichael(2)"
"Martin, Doug(1)"
"Jennings, Rashad"
"Pierce, Bernard(3)"
"Reynolds, Chase"
