"Johnson, Calvin"
"Welker, Wes"
"Cruz, Victor"
"Fitzgerald, Larry"
"White, Roddy"
"Nelson, Jordy"
"Harvin, Percy"
"Smith(Car), Steve"
"Wallace, Mike"
"Marshall(Chi), Brandon"
"Nicks, Hakeem"
"Jackson, Vincent"
"Bowe, Dwayne"
"Colston, Marques"
"Green, A.J."
"Washington, Nate"
"Johnson, Stevie"
"Brown, Antonio"
"Jennings, Greg"
"Jones, Julio"
"Bryant, Dez"
"Wayne, Reggie"
"Lloyd, Brandon"
"Garcon, Pierre"
"Robinson, Laurent"
"Jackson, DeSean"
"Gaffney, Jabar"
"Heyward-Bey, Darrius"
"Crabtree, Michael"
"Smith, Torrey"
"Burleson, Nate"
"Maclin, Jeremy"
"Boldin, Anquan"
"Floyd, Malcom"
"Breaston, Steve"
"Baldwin, Doug"
"Holmes, Santonio"
"Williams(TB), Mike"
"Moore, Lance"
"Nelson, David"
"Doucet, Early"
"Branch, Deion"
"Little, Greg"
"Moore, Denarius"
"Burress, Plaxico"
"McCluster, Dexter"
"Young, Titus"
"Jones, James"
"Decker, Eric"
"Meachem, Robert"
"Austin, Miles"
"Roberts, Andre"
"Moss, Santana"
"Avant, Jason"
"LaFell, Brandon"
"Cribbs, Joshua"
"Manningham, Mario"
"Thomas, Demaryius"
"Collie, Austin"
"Bess, Davone"
"Hartline, Brian"
"Rice, Sidney"
"Walter, Kevin"
"Naanee, Legedu"
"Jones, Jacoby"
"Henderson, Devery"
"Douglas, Harry"
"Johnson, Andre"
"Gibson, Brandon"
"Tate, Golden"
"Benn, Arrelious"
"Massaquoi, Mohamed"
"Caldwell, Andre"
"Kerley, Jeremy"
"Hester, Devin"
"Bennett, Earl"
"Brown, Vincent"
"Sanders, Emmanuel"
"Schilens, Chaz"
"Britt, Kenny"
"Ford(RAI), Jacoby"
"Hagan, Derek"
"Baldwin, Jonathan"
"Ochocinco, Chad"
"Jones, Donald"
"Williams(Sea), Mike"
"Royal, Eddie"
"Morgan, Josh"
"Hankerson, Leonard"
"Smith(StL), Steve"
"Ogletree, Kevin"
"Avery, Donnie"
"Amendola, Danny"
"Shipley, Jordan"
"Stokley, Brandon"
"Jeffery, Alshon(2)"
"Tate, Brandon"
"Sanu, Mohamed(3)"
"Broyles, Ryan(2)"
"Wright, Kendall(1)"
"Hilton, T.Y.(3)"
"Quick, Brian(2)"
"Wright, Jarius(4)"
"Childs, Greg(4)"
"Jernigan, Jerrel"
"Randle, Rueben(2)"
"Hill, Stephen(2)"
"Floyd, Malcolm(1)"
"Moss, Randy"
"Jenkins, A.J.(1)"
"Gettis, David"
"Blackmon, Justin(1)"
"Binns, Armon"
"Lestar, Jean"
